{"cameraMode":{"drawMode":0,"name":"Shaded","section":"Shading Mode"},"sceneLighting":true,"audioPlay":false,"sceneViewState":{"showFog":true,"showMaterialUpdate":false,"showSkybox":true,"showFlares":true,"showImageEffects":true,"showParticleSystems":true},"in2DMode":false,"pivot":{"x":384.6253356933594,"y":216.01022338867188,"z":160.86529541015626},"rotation":{"x":-0.043176330626010898,"y":0.16764026880264283,"z":-0.007328936830163002,"w":-0.9849047064781189},"size":766.4765625,"orthographic":false}